<?xml version="1.0" encoding="utf-8"?>
<ModMetaData>
	<name>W2X Upscales for Risk of Rain 2 (continued)</name>
	<author>CopperReardon</author>
	<supportedVersions>
	<li>1.1</li>
	<li>1.2</li>
	</supportedVersions>
	<packageId>W2X.RimTexRORArmor.CR</packageId>
	<description>
	VERSION 1.0.0 - 11/8/20
	Upscaled by 2x all textures thanks to the Waifu2x Program.
	Load below apparello2 or at the bottom for a cleaner modlist!
	-----------------------
	</description>
<url></url>
</ModMetaData>
